{"Sign": {"Sign_0": {"MultiPolygon": {"0": {"shell": {"vertices": [[572291.8328, 273527.3246, 12.1758], [572291.8423, 273527.3109, 12.221], [572291.844, 273527.3038, 12.2524], [572291.8406, 273527.3034, 12.2626], [572291.844, 273527.3017, 12.2537], [572291.8476, 273527.3002, 12.2266], [572291.8465, 273527.3046, 12.1904], [572291.8474, 273527.3035, 12.1634], [572291.8487, 273527.3045, 12.153], [572291.8487, 273527.3045, 12.1488], [572291.847, 273527.312, 12.1398], [572291.8472, 273527.3126, 12.1311], [572291.844, 273527.3162, 12.1403], [572291.8328, 273527.3246, 12.1758]], "edges": []}, "holes": {"vertices": [], "edges": []}, "normal": [0.88251, 0.07172, -0.00994]}}}}}