{"Sign": {"Sign_0": {"MultiPolygon": {"0": {"shell": {"vertices": [[572284.7368, 273520.2326, 12.2427], [572284.7376, 273520.2309, 12.255], [572284.7379, 273520.2301, 12.273], [572284.7392, 273520.2274, 12.303], [572284.7485, 273520.2196, 12.3373], [572284.7542, 273520.2093, 12.3567], [572284.7564, 273520.2079, 12.3495], [572284.7568, 273520.2038, 12.3269], [572284.7562, 273520.2057, 12.3091], [572284.7562, 273520.2057, 12.3004], [572284.754, 273520.2081, 12.2885], [572284.7472, 273520.2207, 12.2652], [572284.7453, 273520.2236, 12.2393], [572284.7364, 273520.232, 12.2264], [572284.7355, 273520.235, 12.2309], [572284.7368, 273520.2326, 12.2427]], "edges": []}, "holes": {"vertices": [], "edges": []}, "normal": [0.77657, 0.13504, 0.05702]}}}}}